<beans xmlns="http://www.springframework.org/schema/beans"
	xmlns:xsi="http://www.w3.org/2001/XMLSchema-instance" 
	xmlns:context="http://www.springframework.org/schema/context"
	xsi:schemaLocation="http://www.springframework.org/schema/beans
	http://www.springframework.org/schema/beans/spring-beans.xsd
	http://www.springframework.org/schema/context
	http://www.springframework.org/schema/context/spring-context.xsd">

	<!-- <bean id="source" class="org.apache.commons.dbcp.BasicDataSource">
		<property name="driverClassName" value="oracle.jdbc.driver.OracleDriver" />
		<property name="url" value="jdbc:oracle:thin:@localhost:1521:XE" />
		<property name="password" value="oracle" />
		<property name="username" value="System" />
	</bean> -->


	<bean id="source" class="org.apache.commons.dbcp.BasicDataSource">
		<property name="driverClassName" value="${jdbc.driverClassName}" />
		<property name="url" 		value="${jdbc.url}" />
		<property name="username" 	value="${jdbc.username}" />
		<property name="password" 	value="${jdbc.password}" />
	</bean>

	<context:property-placeholder location="jdbc.properties" />
	
	<bean id="jdbcTemplete" class="org.springframework.jdbc.core.JdbcTemplate">
		<property name="dataSource" ref="source" />
	</bean>



</beans>