<!DOCTYPE hibernate-configuration PUBLIC  
          "-//Hibernate/Hibernate Configuration DTD 3.0//EN"  
          "http://hibernate.sourceforge.net/hibernate-configuration-3.0.dtd">

<hibernate-configuration>

	<session-factory>
		<property name="hbm2ddl.auto">update</property>
		<property name="dialect">org.hibernate.dialect.OracleDialect</property>
		<property name="connection.url">jdbc:oracle:thin:@localhost:1521:orcl</property>
		<property name="connection.username">scott</property>
		<property name="connection.password">tiger</property>
		<property name="connection.driver_class">oracle.jdbc.driver.OracleDriver</property>

		<property name="show_sql">true</property>
		
		<mapping class="com.cmt.bidirectional.Team" />
		<mapping class="com.cmt.bidirectional.Player" />
	</session-factory>

</hibernate-configuration>  