<!DOCTYPE hibernate-mapping PUBLIC  
          "-//Hibernate/Hibernate Mapping DTD 3.0//EN"  
          "http://hibernate.sourceforge.net/hibernate-mapping-3.0.dtd">

<hibernate-mapping>

	<class name="com.cmt.map.manytomany.Question" table="Question_Map">
		<id name="id">
			<generator class="native"></generator>
		</id>
		<property name="name"></property>

		<map name="answers" table="Answer_Map" cascade="all">
			<key column="questionid"></key>
			<index column="answer" type="string"></index>
			<many-to-many class="com.cmt.map.manytomany.User" column="userid"></many-to-many>
		</map>
	</class>

</hibernate-mapping>    