<?xml version="1.0" encoding="UTF-8"?>

<!DOCTYPE hibernate-mapping PUBLIC  
          "-//Hibernate/Hibernate Mapping DTD 3.0//EN"  
          "http://hibernate.sourceforge.net/hibernate-mapping-3.0.dtd">

<hibernate-mapping>

	<class name="com.cmt.map.Question" table="MapQuestion">
		<id name="id">
			<generator class="native"></generator>
		</id>
		<property name="name"></property>
		<property name="username"></property>

		<map name="answers" table="MapAnswer" cascade="all">
			<key column="questionid"></key>
			<index column="answer" type="string"></index>
			<element column="username" type="string"></element>
		</map>
	</class>

</hibernate-mapping>         