<!DOCTYPE hibernate-mapping PUBLIC  
          "-//Hibernate/Hibernate Mapping DTD 3.0//EN"  
          "http://hibernate.sourceforge.net/hibernate-mapping-3.0.dtd">

<hibernate-mapping>
	<class name="com.cmt.mappint.Question" table="Question">
		<id name="id">
			<generator class="increment"></generator>
		</id>
		<property name="qname"></property>
		

		<list name="answers" table="Answer">
			<key column="qid"></key>
			<index column="type"></index>
			<element column="answer" type="string"></element>
		</list>

	</class>

</hibernate-mapping>  