<!DOCTYPE hibernate-configuration PUBLIC  
          "-//Hibernate/Hibernate Configuration DTD 3.0//EN"  
          "http://hibernate.sourceforge.net/hibernate-configuration-3.0.dtd">


<hibernate-configuration>

	<session-factory>
	<!-- The hbm2ddl.auto property is defined for creating automatic table in the database. -->
		<property name="hbm2ddl.auto">update</property>
		<property name="dialect">org.hibernate.dialect.OracleDialect</property>
		<property name="connection.url">jdbc:oracle:thin:@localhost:1521:orcl</property>
		<property name="connection.username">scott</property>
		<property name="connection.password">tiger</property>
		<property name="connection.driver_class">oracle.jdbc.driver.OracleDriver</property>

		<mapping class="com.cmt.inheritance.Employee" />
		<mapping class="com.cmt.inheritance.ContractEmployee" />
		<mapping class="com.cmt.inheritance.RegularEmployee" />
	</session-factory>

</hibernate-configuration>  