<!DOCTYPE hibernate-mapping PUBLIC  
          "-//Hibernate/Hibernate Mapping DTD 3.0//EN"  
          "http://hibernate.sourceforge.net/hibernate-mapping-3.0.dtd">

<hibernate-mapping>
	<class name="com.cmt.query.Employee" table="EMP_NQ">
		<id name="id">
			<generator class="native"></generator>
		</id>
		<property name="name"></property>
		<property name="job"></property>
		<property name="salary"></property>
	</class>

	<query name="findEmployeeByName">  
		<![CDATA[from Employee e where e.name = :name]]>
	</query>

</hibernate-mapping>  